<?xml version="1.0" encoding="utf-8"?>
<values><item><id>IT</id><![CDATA[ইটালি]]><value/></item><item><id>AQ</id><![CDATA[এন্টাৰ্টিকা]]><value/></item><item><id>CN</id><![CDATA[চীন]]><value/></item><item><id>JP</id><![CDATA[জাপান]]><value/></item><item><id>DE</id><![CDATA[জাৰ্মানি]]><value/></item><item><id>GS</id><![CDATA[দক্ষিণ জৰ্জিয়া আৰু দক্ষিণ চেণ্ডৱিচ্‌ দ্বীপ]]><value/></item><item><id>TF</id><![CDATA[দক্ষিণ ফ্ৰান্সৰ অঞ্চল]]><value/></item><item><id>FR</id><![CDATA[ফ্ৰান্স]]><value/></item><item><id>BR</id><![CDATA[ব্ৰাজিল]]><value/></item><item><id>IO</id><![CDATA[ব্ৰিটিশ্ব ইণ্ডিয়ান মহাসাগৰৰ অঞ্চল]]><value/></item><item><id>IN</id><![CDATA[ভাৰত]]><value/></item><item><id>US</id><![CDATA[যুক্তৰাষ্ট্ৰ]]><value/></item><item><id>RU</id><![CDATA[ৰুচ]]><value/></item><item><id>GB</id><![CDATA[সংযুক্ত ৰাজ্য]]><value/></item><item><id>AF</id><![CDATA[Afghanistan]]><value/></item><item><id>AX</id><![CDATA[Åland Islands]]><value/></item><item><id>AL</id><![CDATA[Albania]]><value/></item><item><id>DZ</id><![CDATA[Algeria]]><value/></item><item><id>AS</id><![CDATA[American Samoa]]><value/></item><item><id>AD</id><![CDATA[Andorra]]><value/></item><item><id>AO</id><![CDATA[Angola]]><value/></item><item><id>AI</id><![CDATA[Anguilla]]><value/></item><item><id>AG</id><![CDATA[Antigua & Barbuda]]><value/></item><item><id>AR</id><![CDATA[Argentina]]><value/></item><item><id>AM</id><![CDATA[Armenia]]><value/></item><item><id>AW</id><![CDATA[Aruba]]><value/></item><item><id>AC</id><![CDATA[Ascension Island]]><value/></item><item><id>AU</id><![CDATA[Australia]]><value/></item><item><id>AT</id><![CDATA[Austria]]><value/></item><item><id>AZ</id><![CDATA[Azerbaijan]]><value/></item><item><id>BS</id><![CDATA[Bahamas]]><value/></item><item><id>BH</id><![CDATA[Bahrain]]><value/></item><item><id>BD</id><![CDATA[Bangladesh]]><value/></item><item><id>BB</id><![CDATA[Barbados]]><value/></item><item><id>BY</id><![CDATA[Belarus]]><value/></item><item><id>BE</id><![CDATA[Belgium]]><value/></item><item><id>BZ</id><![CDATA[Belize]]><value/></item><item><id>BJ</id><![CDATA[Benin]]><value/></item><item><id>BM</id><![CDATA[Bermuda]]><value/></item><item><id>BT</id><![CDATA[Bhutan]]><value/></item><item><id>BO</id><![CDATA[Bolivia]]><value/></item><item><id>BA</id><![CDATA[Bosnia & Herzegovina]]><value/></item><item><id>BW</id><![CDATA[Botswana]]><value/></item><item><id>VG</id><![CDATA[British Virgin Islands]]><value/></item><item><id>BN</id><![CDATA[Brunei]]><value/></item><item><id>BG</id><![CDATA[Bulgaria]]><value/></item><item><id>BF</id><![CDATA[Burkina Faso]]><value/></item><item><id>BI</id><![CDATA[Burundi]]><value/></item><item><id>KH</id><![CDATA[Cambodia]]><value/></item><item><id>CM</id><![CDATA[Cameroon]]><value/></item><item><id>CA</id><![CDATA[Canada]]><value/></item><item><id>IC</id><![CDATA[Canary Islands]]><value/></item><item><id>CV</id><![CDATA[Cape Verde]]><value/></item><item><id>BQ</id><![CDATA[Caribbean Netherlands]]><value/></item><item><id>KY</id><![CDATA[Cayman Islands]]><value/></item><item><id>CF</id><![CDATA[Central African Republic]]><value/></item><item><id>EA</id><![CDATA[Ceuta & Melilla]]><value/></item><item><id>TD</id><![CDATA[Chad]]><value/></item><item><id>CL</id><![CDATA[Chile]]><value/></item><item><id>CX</id><![CDATA[Christmas Island]]><value/></item><item><id>CC</id><![CDATA[Cocos (Keeling) Islands]]><value/></item><item><id>CO</id><![CDATA[Colombia]]><value/></item><item><id>KM</id><![CDATA[Comoros]]><value/></item><item><id>CG</id><![CDATA[Congo - Brazzaville]]><value/></item><item><id>CD</id><![CDATA[Congo - Kinshasa]]><value/></item><item><id>CK</id><![CDATA[Cook Islands]]><value/></item><item><id>CR</id><![CDATA[Costa Rica]]><value/></item><item><id>CI</id><![CDATA[Côte d’Ivoire]]><value/></item><item><id>HR</id><![CDATA[Croatia]]><value/></item><item><id>CU</id><![CDATA[Cuba]]><value/></item><item><id>CW</id><![CDATA[Curaçao]]><value/></item><item><id>CY</id><![CDATA[Cyprus]]><value/></item><item><id>CZ</id><![CDATA[Czechia]]><value/></item><item><id>DK</id><![CDATA[Denmark]]><value/></item><item><id>DG</id><![CDATA[Diego Garcia]]><value/></item><item><id>DJ</id><![CDATA[Djibouti]]><value/></item><item><id>DM</id><![CDATA[Dominica]]><value/></item><item><id>DO</id><![CDATA[Dominican Republic]]><value/></item><item><id>EC</id><![CDATA[Ecuador]]><value/></item><item><id>EG</id><![CDATA[Egypt]]><value/></item><item><id>SV</id><![CDATA[El Salvador]]><value/></item><item><id>GQ</id><![CDATA[Equatorial Guinea]]><value/></item><item><id>ER</id><![CDATA[Eritrea]]><value/></item><item><id>EE</id><![CDATA[Estonia]]><value/></item><item><id>ET</id><![CDATA[Ethiopia]]><value/></item><item><id>EZ</id><![CDATA[Eurozone]]><value/></item><item><id>FK</id><![CDATA[Falkland Islands]]><value/></item><item><id>FO</id><![CDATA[Faroe Islands]]><value/></item><item><id>FJ</id><![CDATA[Fiji]]><value/></item><item><id>FI</id><![CDATA[Finland]]><value/></item><item><id>GF</id><![CDATA[French Guiana]]><value/></item><item><id>PF</id><![CDATA[French Polynesia]]><value/></item><item><id>GA</id><![CDATA[Gabon]]><value/></item><item><id>GM</id><![CDATA[Gambia]]><value/></item><item><id>GE</id><![CDATA[Georgia]]><value/></item><item><id>GH</id><![CDATA[Ghana]]><value/></item><item><id>GI</id><![CDATA[Gibraltar]]><value/></item><item><id>GR</id><![CDATA[Greece]]><value/></item><item><id>GL</id><![CDATA[Greenland]]><value/></item><item><id>GD</id><![CDATA[Grenada]]><value/></item><item><id>GP</id><![CDATA[Guadeloupe]]><value/></item><item><id>GU</id><![CDATA[Guam]]><value/></item><item><id>GT</id><![CDATA[Guatemala]]><value/></item><item><id>GG</id><![CDATA[Guernsey]]><value/></item><item><id>GN</id><![CDATA[Guinea]]><value/></item><item><id>GW</id><![CDATA[Guinea-Bissau]]><value/></item><item><id>GY</id><![CDATA[Guyana]]><value/></item><item><id>HT</id><![CDATA[Haiti]]><value/></item><item><id>HN</id><![CDATA[Honduras]]><value/></item><item><id>HK</id><![CDATA[Hong Kong SAR China]]><value/></item><item><id>HU</id><![CDATA[Hungary]]><value/></item><item><id>IS</id><![CDATA[Iceland]]><value/></item><item><id>ID</id><![CDATA[Indonesia]]><value/></item><item><id>IR</id><![CDATA[Iran]]><value/></item><item><id>IQ</id><![CDATA[Iraq]]><value/></item><item><id>IE</id><![CDATA[Ireland]]><value/></item><item><id>IM</id><![CDATA[Isle of Man]]><value/></item><item><id>IL</id><![CDATA[Israel]]><value/></item><item><id>JM</id><![CDATA[Jamaica]]><value/></item><item><id>JE</id><![CDATA[Jersey]]><value/></item><item><id>JO</id><![CDATA[Jordan]]><value/></item><item><id>KZ</id><![CDATA[Kazakhstan]]><value/></item><item><id>KE</id><![CDATA[Kenya]]><value/></item><item><id>KI</id><![CDATA[Kiribati]]><value/></item><item><id>XK</id><![CDATA[Kosovo]]><value/></item><item><id>KW</id><![CDATA[Kuwait]]><value/></item><item><id>KG</id><![CDATA[Kyrgyzstan]]><value/></item><item><id>LA</id><![CDATA[Laos]]><value/></item><item><id>LV</id><![CDATA[Latvia]]><value/></item><item><id>LB</id><![CDATA[Lebanon]]><value/></item><item><id>LS</id><![CDATA[Lesotho]]><value/></item><item><id>LR</id><![CDATA[Liberia]]><value/></item><item><id>LY</id><![CDATA[Libya]]><value/></item><item><id>LI</id><![CDATA[Liechtenstein]]><value/></item><item><id>LT</id><![CDATA[Lithuania]]><value/></item><item><id>LU</id><![CDATA[Luxembourg]]><value/></item><item><id>MO</id><![CDATA[Macau SAR China]]><value/></item><item><id>MK</id><![CDATA[Macedonia]]><value/></item><item><id>MG</id><![CDATA[Madagascar]]><value/></item><item><id>MW</id><![CDATA[Malawi]]><value/></item><item><id>MY</id><![CDATA[Malaysia]]><value/></item><item><id>MV</id><![CDATA[Maldives]]><value/></item><item><id>ML</id><![CDATA[Mali]]><value/></item><item><id>MT</id><![CDATA[Malta]]><value/></item><item><id>MH</id><![CDATA[Marshall Islands]]><value/></item><item><id>MQ</id><![CDATA[Martinique]]><value/></item><item><id>MR</id><![CDATA[Mauritania]]><value/></item><item><id>MU</id><![CDATA[Mauritius]]><value/></item><item><id>YT</id><![CDATA[Mayotte]]><value/></item><item><id>MX</id><![CDATA[Mexico]]><value/></item><item><id>FM</id><![CDATA[Micronesia]]><value/></item><item><id>MD</id><![CDATA[Moldova]]><value/></item><item><id>MC</id><![CDATA[Monaco]]><value/></item><item><id>MN</id><![CDATA[Mongolia]]><value/></item><item><id>ME</id><![CDATA[Montenegro]]><value/></item><item><id>MS</id><![CDATA[Montserrat]]><value/></item><item><id>MA</id><![CDATA[Morocco]]><value/></item><item><id>MZ</id><![CDATA[Mozambique]]><value/></item><item><id>MM</id><![CDATA[Myanmar (Burma)]]><value/></item><item><id>NA</id><![CDATA[Namibia]]><value/></item><item><id>NR</id><![CDATA[Nauru]]><value/></item><item><id>NP</id><![CDATA[Nepal]]><value/></item><item><id>NL</id><![CDATA[Netherlands]]><value/></item><item><id>NC</id><![CDATA[New Caledonia]]><value/></item><item><id>NZ</id><![CDATA[New Zealand]]><value/></item><item><id>NI</id><![CDATA[Nicaragua]]><value/></item><item><id>NE</id><![CDATA[Niger]]><value/></item><item><id>NG</id><![CDATA[Nigeria]]><value/></item><item><id>NU</id><![CDATA[Niue]]><value/></item><item><id>NF</id><![CDATA[Norfolk Island]]><value/></item><item><id>KP</id><![CDATA[North Korea]]><value/></item><item><id>MP</id><![CDATA[Northern Mariana Islands]]><value/></item><item><id>NO</id><![CDATA[Norway]]><value/></item><item><id>OM</id><![CDATA[Oman]]><value/></item><item><id>PK</id><![CDATA[Pakistan]]><value/></item><item><id>PW</id><![CDATA[Palau]]><value/></item><item><id>PS</id><![CDATA[Palestinian Territories]]><value/></item><item><id>PA</id><![CDATA[Panama]]><value/></item><item><id>PG</id><![CDATA[Papua New Guinea]]><value/></item><item><id>PY</id><![CDATA[Paraguay]]><value/></item><item><id>PE</id><![CDATA[Peru]]><value/></item><item><id>PH</id><![CDATA[Philippines]]><value/></item><item><id>PN</id><![CDATA[Pitcairn Islands]]><value/></item><item><id>PL</id><![CDATA[Poland]]><value/></item><item><id>PT</id><![CDATA[Portugal]]><value/></item><item><id>PR</id><![CDATA[Puerto Rico]]><value/></item><item><id>QA</id><![CDATA[Qatar]]><value/></item><item><id>RE</id><![CDATA[Réunion]]><value/></item><item><id>RO</id><![CDATA[Romania]]><value/></item><item><id>RW</id><![CDATA[Rwanda]]><value/></item><item><id>WS</id><![CDATA[Samoa]]><value/></item><item><id>SM</id><![CDATA[San Marino]]><value/></item><item><id>ST</id><![CDATA[São Tomé & Príncipe]]><value/></item><item><id>SA</id><![CDATA[Saudi Arabia]]><value/></item><item><id>SN</id><![CDATA[Senegal]]><value/></item><item><id>RS</id><![CDATA[Serbia]]><value/></item><item><id>SC</id><![CDATA[Seychelles]]><value/></item><item><id>SL</id><![CDATA[Sierra Leone]]><value/></item><item><id>SG</id><![CDATA[Singapore]]><value/></item><item><id>SX</id><![CDATA[Sint Maarten]]><value/></item><item><id>SK</id><![CDATA[Slovakia]]><value/></item><item><id>SI</id><![CDATA[Slovenia]]><value/></item><item><id>SB</id><![CDATA[Solomon Islands]]><value/></item><item><id>SO</id><![CDATA[Somalia]]><value/></item><item><id>ZA</id><![CDATA[South Africa]]><value/></item><item><id>KR</id><![CDATA[South Korea]]><value/></item><item><id>SS</id><![CDATA[South Sudan]]><value/></item><item><id>ES</id><![CDATA[Spain]]><value/></item><item><id>LK</id><![CDATA[Sri Lanka]]><value/></item><item><id>BL</id><![CDATA[St. Barthélemy]]><value/></item><item><id>SH</id><![CDATA[St. Helena]]><value/></item><item><id>KN</id><![CDATA[St. Kitts & Nevis]]><value/></item><item><id>LC</id><![CDATA[St. Lucia]]><value/></item><item><id>MF</id><![CDATA[St. Martin]]><value/></item><item><id>PM</id><![CDATA[St. Pierre & Miquelon]]><value/></item><item><id>VC</id><![CDATA[St. Vincent & Grenadines]]><value/></item><item><id>SD</id><![CDATA[Sudan]]><value/></item><item><id>SR</id><![CDATA[Suriname]]><value/></item><item><id>SJ</id><![CDATA[Svalbard & Jan Mayen]]><value/></item><item><id>SZ</id><![CDATA[Swaziland]]><value/></item><item><id>SE</id><![CDATA[Sweden]]><value/></item><item><id>CH</id><![CDATA[Switzerland]]><value/></item><item><id>SY</id><![CDATA[Syria]]><value/></item><item><id>TW</id><![CDATA[Taiwan]]><value/></item><item><id>TJ</id><![CDATA[Tajikistan]]><value/></item><item><id>TZ</id><![CDATA[Tanzania]]><value/></item><item><id>TH</id><![CDATA[Thailand]]><value/></item><item><id>TL</id><![CDATA[Timor-Leste]]><value/></item><item><id>TG</id><![CDATA[Togo]]><value/></item><item><id>TK</id><![CDATA[Tokelau]]><value/></item><item><id>TO</id><![CDATA[Tonga]]><value/></item><item><id>TT</id><![CDATA[Trinidad & Tobago]]><value/></item><item><id>TA</id><![CDATA[Tristan da Cunha]]><value/></item><item><id>TN</id><![CDATA[Tunisia]]><value/></item><item><id>TR</id><![CDATA[Turkey]]><value/></item><item><id>TM</id><![CDATA[Turkmenistan]]><value/></item><item><id>TC</id><![CDATA[Turks & Caicos Islands]]><value/></item><item><id>TV</id><![CDATA[Tuvalu]]><value/></item><item><id>UM</id><![CDATA[U.S. Outlying Islands]]><value/></item><item><id>VI</id><![CDATA[U.S. Virgin Islands]]><value/></item><item><id>UG</id><![CDATA[Uganda]]><value/></item><item><id>UA</id><![CDATA[Ukraine]]><value/></item><item><id>AE</id><![CDATA[United Arab Emirates]]><value/></item><item><id>UN</id><![CDATA[United Nations]]><value/></item><item><id>UY</id><![CDATA[Uruguay]]><value/></item><item><id>UZ</id><![CDATA[Uzbekistan]]><value/></item><item><id>VU</id><![CDATA[Vanuatu]]><value/></item><item><id>VA</id><![CDATA[Vatican City]]><value/></item><item><id>VE</id><![CDATA[Venezuela]]><value/></item><item><id>VN</id><![CDATA[Vietnam]]><value/></item><item><id>WF</id><![CDATA[Wallis & Futuna]]><value/></item><item><id>EH</id><![CDATA[Western Sahara]]><value/></item><item><id>YE</id><![CDATA[Yemen]]><value/></item><item><id>ZM</id><![CDATA[Zambia]]><value/></item><item><id>ZW</id><![CDATA[Zimbabwe]]><value/></item></values>
