id,value
IT,ইটালি
AQ,এন্টাৰ্টিকা
CN,চীন
JP,জাপান
DE,জাৰ্মানি
GS,"দক্ষিণ জৰ্জিয়া আৰু দক্ষিণ চেণ্ডৱিচ্‌ দ্বীপ"
TF,"দক্ষিণ ফ্ৰান্সৰ অঞ্চল"
FR,ফ্ৰান্স
BR,ব্ৰাজিল
IO,"ব্ৰিটিশ্ব ইণ্ডিয়ান মহাসাগৰৰ অঞ্চল"
IN,ভাৰত
US,যুক্তৰাষ্ট্ৰ
RU,ৰুচ
GB,"সংযুক্ত ৰাজ্য"
AF,Afghanistan
AX,"Åland Islands"
AL,Albania
DZ,Algeria
AS,"American Samoa"
AD,Andorra
AO,Angola
AI,Anguilla
AG,"Antigua & Barbuda"
AR,Argentina
AM,Armenia
AW,Aruba
AC,"Ascension Island"
AU,Australia
AT,Austria
AZ,Azerbaijan
BS,Bahamas
BH,Bahrain
BD,Bangladesh
BB,Barbados
BY,Belarus
BE,Belgium
BZ,Belize
BJ,Benin
BM,Bermuda
BT,Bhutan
BO,Bolivia
BA,"Bosnia & Herzegovina"
BW,Botswana
VG,"British Virgin Islands"
BN,Brunei
BG,Bulgaria
BF,"Burkina Faso"
BI,Burundi
KH,Cambodia
CM,Cameroon
CA,Canada
IC,"Canary Islands"
CV,"Cape Verde"
BQ,"Caribbean Netherlands"
KY,"Cayman Islands"
CF,"Central African Republic"
EA,"Ceuta & Melilla"
TD,Chad
CL,Chile
CX,"Christmas Island"
CC,"Cocos (Keeling) Islands"
CO,Colombia
KM,Comoros
CG,"Congo - Brazzaville"
CD,"Congo - Kinshasa"
CK,"Cook Islands"
CR,"Costa Rica"
CI,"Côte d’Ivoire"
HR,Croatia
CU,Cuba
CW,Curaçao
CY,Cyprus
CZ,Czechia
DK,Denmark
DG,"Diego Garcia"
DJ,Djibouti
DM,Dominica
DO,"Dominican Republic"
EC,Ecuador
EG,Egypt
SV,"El Salvador"
GQ,"Equatorial Guinea"
ER,Eritrea
EE,Estonia
ET,Ethiopia
EZ,Eurozone
FK,"Falkland Islands"
FO,"Faroe Islands"
FJ,Fiji
FI,Finland
GF,"French Guiana"
PF,"French Polynesia"
GA,Gabon
GM,Gambia
GE,Georgia
GH,Ghana
GI,Gibraltar
GR,Greece
GL,Greenland
GD,Grenada
GP,Guadeloupe
GU,Guam
GT,Guatemala
GG,Guernsey
GN,Guinea
GW,Guinea-Bissau
GY,Guyana
HT,Haiti
HN,Honduras
HK,"Hong Kong SAR China"
HU,Hungary
IS,Iceland
ID,Indonesia
IR,Iran
IQ,Iraq
IE,Ireland
IM,"Isle of Man"
IL,Israel
JM,Jamaica
JE,Jersey
JO,Jordan
KZ,Kazakhstan
KE,Kenya
KI,Kiribati
XK,Kosovo
KW,Kuwait
KG,Kyrgyzstan
LA,Laos
LV,Latvia
LB,Lebanon
LS,Lesotho
LR,Liberia
LY,Libya
LI,Liechtenstein
LT,Lithuania
LU,Luxembourg
MO,"Macau SAR China"
MK,Macedonia
MG,Madagascar
MW,Malawi
MY,Malaysia
MV,Maldives
ML,Mali
MT,Malta
MH,"Marshall Islands"
MQ,Martinique
MR,Mauritania
MU,Mauritius
YT,Mayotte
MX,Mexico
FM,Micronesia
MD,Moldova
MC,Monaco
MN,Mongolia
ME,Montenegro
MS,Montserrat
MA,Morocco
MZ,Mozambique
MM,"Myanmar (Burma)"
NA,Namibia
NR,Nauru
NP,Nepal
NL,Netherlands
NC,"New Caledonia"
NZ,"New Zealand"
NI,Nicaragua
NE,Niger
NG,Nigeria
NU,Niue
NF,"Norfolk Island"
KP,"North Korea"
MP,"Northern Mariana Islands"
NO,Norway
OM,Oman
PK,Pakistan
PW,Palau
PS,"Palestinian Territories"
PA,Panama
PG,"Papua New Guinea"
PY,Paraguay
PE,Peru
PH,Philippines
PN,"Pitcairn Islands"
PL,Poland
PT,Portugal
PR,"Puerto Rico"
QA,Qatar
RE,Réunion
RO,Romania
RW,Rwanda
WS,Samoa
SM,"San Marino"
ST,"São Tomé & Príncipe"
SA,"Saudi Arabia"
SN,Senegal
RS,Serbia
SC,Seychelles
SL,"Sierra Leone"
SG,Singapore
SX,"Sint Maarten"
SK,Slovakia
SI,Slovenia
SB,"Solomon Islands"
SO,Somalia
ZA,"South Africa"
KR,"South Korea"
SS,"South Sudan"
ES,Spain
LK,"Sri Lanka"
BL,"St. Barthélemy"
SH,"St. Helena"
KN,"St. Kitts & Nevis"
LC,"St. Lucia"
MF,"St. Martin"
PM,"St. Pierre & Miquelon"
VC,"St. Vincent & Grenadines"
SD,Sudan
SR,Suriname
SJ,"Svalbard & Jan Mayen"
SZ,Swaziland
SE,Sweden
CH,Switzerland
SY,Syria
TW,Taiwan
TJ,Tajikistan
TZ,Tanzania
TH,Thailand
TL,Timor-Leste
TG,Togo
TK,Tokelau
TO,Tonga
TT,"Trinidad & Tobago"
TA,"Tristan da Cunha"
TN,Tunisia
TR,Turkey
TM,Turkmenistan
TC,"Turks & Caicos Islands"
TV,Tuvalu
UM,"U.S. Outlying Islands"
VI,"U.S. Virgin Islands"
UG,Uganda
UA,Ukraine
AE,"United Arab Emirates"
UN,"United Nations"
UY,Uruguay
UZ,Uzbekistan
VU,Vanuatu
VA,"Vatican City"
VE,Venezuela
VN,Vietnam
WF,"Wallis & Futuna"
EH,"Western Sahara"
YE,Yemen
ZM,Zambia
ZW,Zimbabwe
