{"IT":"\u0987\u099f\u09be\u09b2\u09bf","AQ":"\u098f\u09a8\u09cd\u099f\u09be\u09f0\u09cd\u099f\u09bf\u0995\u09be","CN":"\u099a\u09c0\u09a8","JP":"\u099c\u09be\u09aa\u09be\u09a8","DE":"\u099c\u09be\u09f0\u09cd\u09ae\u09be\u09a8\u09bf","GS":"\u09a6\u0995\u09cd\u09b7\u09bf\u09a3 \u099c\u09f0\u09cd\u099c\u09bf\u09af\u09bc\u09be \u0986\u09f0\u09c1 \u09a6\u0995\u09cd\u09b7\u09bf\u09a3 \u099a\u09c7\u09a3\u09cd\u09a1\u09f1\u09bf\u099a\u09cd\u200c \u09a6\u09cd\u09ac\u09c0\u09aa","TF":"\u09a6\u0995\u09cd\u09b7\u09bf\u09a3 \u09ab\u09cd\u09f0\u09be\u09a8\u09cd\u09b8\u09f0 \u0985\u099e\u09cd\u099a\u09b2","FR":"\u09ab\u09cd\u09f0\u09be\u09a8\u09cd\u09b8","BR":"\u09ac\u09cd\u09f0\u09be\u099c\u09bf\u09b2","IO":"\u09ac\u09cd\u09f0\u09bf\u099f\u09bf\u09b6\u09cd\u09ac \u0987\u09a3\u09cd\u09a1\u09bf\u09af\u09bc\u09be\u09a8 \u09ae\u09b9\u09be\u09b8\u09be\u0997\u09f0\u09f0 \u0985\u099e\u09cd\u099a\u09b2","IN":"\u09ad\u09be\u09f0\u09a4","US":"\u09af\u09c1\u0995\u09cd\u09a4\u09f0\u09be\u09b7\u09cd\u099f\u09cd\u09f0","RU":"\u09f0\u09c1\u099a","GB":"\u09b8\u0982\u09af\u09c1\u0995\u09cd\u09a4 \u09f0\u09be\u099c\u09cd\u09af","AF":"Afghanistan","AX":"\u00c5land Islands","AL":"Albania","DZ":"Algeria","AS":"American Samoa","AD":"Andorra","AO":"Angola","AI":"Anguilla","AG":"Antigua & Barbuda","AR":"Argentina","AM":"Armenia","AW":"Aruba","AC":"Ascension Island","AU":"Australia","AT":"Austria","AZ":"Azerbaijan","BS":"Bahamas","BH":"Bahrain","BD":"Bangladesh","BB":"Barbados","BY":"Belarus","BE":"Belgium","BZ":"Belize","BJ":"Benin","BM":"Bermuda","BT":"Bhutan","BO":"Bolivia","BA":"Bosnia & Herzegovina","BW":"Botswana","VG":"British Virgin Islands","BN":"Brunei","BG":"Bulgaria","BF":"Burkina Faso","BI":"Burundi","KH":"Cambodia","CM":"Cameroon","CA":"Canada","IC":"Canary Islands","CV":"Cape Verde","BQ":"Caribbean Netherlands","KY":"Cayman Islands","CF":"Central African Republic","EA":"Ceuta & Melilla","TD":"Chad","CL":"Chile","CX":"Christmas Island","CC":"Cocos (Keeling) Islands","CO":"Colombia","KM":"Comoros","CG":"Congo - Brazzaville","CD":"Congo - Kinshasa","CK":"Cook Islands","CR":"Costa Rica","CI":"C\u00f4te d\u2019Ivoire","HR":"Croatia","CU":"Cuba","CW":"Cura\u00e7ao","CY":"Cyprus","CZ":"Czechia","DK":"Denmark","DG":"Diego Garcia","DJ":"Djibouti","DM":"Dominica","DO":"Dominican Republic","EC":"Ecuador","EG":"Egypt","SV":"El Salvador","GQ":"Equatorial Guinea","ER":"Eritrea","EE":"Estonia","ET":"Ethiopia","EZ":"Eurozone","FK":"Falkland Islands","FO":"Faroe Islands","FJ":"Fiji","FI":"Finland","GF":"French Guiana","PF":"French Polynesia","GA":"Gabon","GM":"Gambia","GE":"Georgia","GH":"Ghana","GI":"Gibraltar","GR":"Greece","GL":"Greenland","GD":"Grenada","GP":"Guadeloupe","GU":"Guam","GT":"Guatemala","GG":"Guernsey","GN":"Guinea","GW":"Guinea-Bissau","GY":"Guyana","HT":"Haiti","HN":"Honduras","HK":"Hong Kong SAR China","HU":"Hungary","IS":"Iceland","ID":"Indonesia","IR":"Iran","IQ":"Iraq","IE":"Ireland","IM":"Isle of Man","IL":"Israel","JM":"Jamaica","JE":"Jersey","JO":"Jordan","KZ":"Kazakhstan","KE":"Kenya","KI":"Kiribati","XK":"Kosovo","KW":"Kuwait","KG":"Kyrgyzstan","LA":"Laos","LV":"Latvia","LB":"Lebanon","LS":"Lesotho","LR":"Liberia","LY":"Libya","LI":"Liechtenstein","LT":"Lithuania","LU":"Luxembourg","MO":"Macau SAR China","MK":"Macedonia","MG":"Madagascar","MW":"Malawi","MY":"Malaysia","MV":"Maldives","ML":"Mali","MT":"Malta","MH":"Marshall Islands","MQ":"Martinique","MR":"Mauritania","MU":"Mauritius","YT":"Mayotte","MX":"Mexico","FM":"Micronesia","MD":"Moldova","MC":"Monaco","MN":"Mongolia","ME":"Montenegro","MS":"Montserrat","MA":"Morocco","MZ":"Mozambique","MM":"Myanmar (Burma)","NA":"Namibia","NR":"Nauru","NP":"Nepal","NL":"Netherlands","NC":"New Caledonia","NZ":"New Zealand","NI":"Nicaragua","NE":"Niger","NG":"Nigeria","NU":"Niue","NF":"Norfolk Island","KP":"North Korea","MP":"Northern Mariana Islands","NO":"Norway","OM":"Oman","PK":"Pakistan","PW":"Palau","PS":"Palestinian Territories","PA":"Panama","PG":"Papua New Guinea","PY":"Paraguay","PE":"Peru","PH":"Philippines","PN":"Pitcairn Islands","PL":"Poland","PT":"Portugal","PR":"Puerto Rico","QA":"Qatar","RE":"R\u00e9union","RO":"Romania","RW":"Rwanda","WS":"Samoa","SM":"San Marino","ST":"S\u00e3o Tom\u00e9 & Pr\u00edncipe","SA":"Saudi Arabia","SN":"Senegal","RS":"Serbia","SC":"Seychelles","SL":"Sierra Leone","SG":"Singapore","SX":"Sint Maarten","SK":"Slovakia","SI":"Slovenia","SB":"Solomon Islands","SO":"Somalia","ZA":"South Africa","KR":"South Korea","SS":"South Sudan","ES":"Spain","LK":"Sri Lanka","BL":"St. Barth\u00e9lemy","SH":"St. Helena","KN":"St. Kitts & Nevis","LC":"St. Lucia","MF":"St. Martin","PM":"St. Pierre & Miquelon","VC":"St. Vincent & Grenadines","SD":"Sudan","SR":"Suriname","SJ":"Svalbard & Jan Mayen","SZ":"Swaziland","SE":"Sweden","CH":"Switzerland","SY":"Syria","TW":"Taiwan","TJ":"Tajikistan","TZ":"Tanzania","TH":"Thailand","TL":"Timor-Leste","TG":"Togo","TK":"Tokelau","TO":"Tonga","TT":"Trinidad & Tobago","TA":"Tristan da Cunha","TN":"Tunisia","TR":"Turkey","TM":"Turkmenistan","TC":"Turks & Caicos Islands","TV":"Tuvalu","UM":"U.S. Outlying Islands","VI":"U.S. Virgin Islands","UG":"Uganda","UA":"Ukraine","AE":"United Arab Emirates","UN":"United Nations","UY":"Uruguay","UZ":"Uzbekistan","VU":"Vanuatu","VA":"Vatican City","VE":"Venezuela","VN":"Vietnam","WF":"Wallis & Futuna","EH":"Western Sahara","YE":"Yemen","ZM":"Zambia","ZW":"Zimbabwe"}