<?xml version="1.0" encoding="utf-8"?>
<values><item><id>VI</id><![CDATA[ABŞ Virgin adaları]]><value/></item><item><id>UM</id><![CDATA[ABŞ-a bağlı kiçik adacıqlar]]><value/></item><item><id>AX</id><![CDATA[Aland adaları]]><value/></item><item><id>AL</id><![CDATA[Albaniya]]><value/></item><item><id>DE</id><![CDATA[Almaniya]]><value/></item><item><id>US</id><![CDATA[Amerika Birləşmiş Ştatları]]><value/></item><item><id>AS</id><![CDATA[Amerika Samoası]]><value/></item><item><id>AD</id><![CDATA[Andorra]]><value/></item><item><id>AI</id><![CDATA[Angilya]]><value/></item><item><id>AO</id><![CDATA[Anqola]]><value/></item><item><id>AQ</id><![CDATA[Antarktika]]><value/></item><item><id>AG</id><![CDATA[Antiqua və Barbuda]]><value/></item><item><id>AR</id><![CDATA[Argentina]]><value/></item><item><id>AW</id><![CDATA[Aruba]]><value/></item><item><id>AC</id><![CDATA[Askenson adası]]><value/></item><item><id>AU</id><![CDATA[Avstraliya]]><value/></item><item><id>AT</id><![CDATA[Avstriya]]><value/></item><item><id>AZ</id><![CDATA[Azərbaycan]]><value/></item><item><id>BS</id><![CDATA[Baham adaları]]><value/></item><item><id>BD</id><![CDATA[Banqladeş]]><value/></item><item><id>BB</id><![CDATA[Barbados]]><value/></item><item><id>BY</id><![CDATA[Belarus]]><value/></item><item><id>BE</id><![CDATA[Belçika]]><value/></item><item><id>BZ</id><![CDATA[Beliz]]><value/></item><item><id>BJ</id><![CDATA[Benin]]><value/></item><item><id>BM</id><![CDATA[Bermud adaları]]><value/></item><item><id>BH</id><![CDATA[Bəhreyn]]><value/></item><item><id>AE</id><![CDATA[Birləşmiş Ərəb Əmirlikləri]]><value/></item><item><id>GB</id><![CDATA[Birləşmiş Krallıq]]><value/></item><item><id>UN</id><![CDATA[Birləşmiş Millətlər Təşkilatı]]><value/></item><item><id>BO</id><![CDATA[Boliviya]]><value/></item><item><id>BG</id><![CDATA[Bolqarıstan]]><value/></item><item><id>BA</id><![CDATA[Bosniya və Herseqovina]]><value/></item><item><id>BW</id><![CDATA[Botsvana]]><value/></item><item><id>BR</id><![CDATA[Braziliya]]><value/></item><item><id>IO</id><![CDATA[Britaniyanın Hind Okeanı Ərazisi]]><value/></item><item><id>VG</id><![CDATA[Britaniyanın Virgin adaları]]><value/></item><item><id>BN</id><![CDATA[Bruney]]><value/></item><item><id>BF</id><![CDATA[Burkina Faso]]><value/></item><item><id>BI</id><![CDATA[Burundi]]><value/></item><item><id>BT</id><![CDATA[Butan]]><value/></item><item><id>JE</id><![CDATA[Cersi]]><value/></item><item><id>GI</id><![CDATA[Cəbəllütariq]]><value/></item><item><id>ZA</id><![CDATA[Cənub Afrika]]><value/></item><item><id>GS</id><![CDATA[Cənubi Corciya və Cənubi Sendviç adaları]]><value/></item><item><id>KR</id><![CDATA[Cənubi Koreya]]><value/></item><item><id>SS</id><![CDATA[Cənubi Sudan]]><value/></item><item><id>DJ</id><![CDATA[Cibuti]]><value/></item><item><id>TD</id><![CDATA[Çad]]><value/></item><item><id>CZ</id><![CDATA[Çexiya]]><value/></item><item><id>CL</id><![CDATA[Çili]]><value/></item><item><id>CN</id><![CDATA[Çin]]><value/></item><item><id>DK</id><![CDATA[Danimarka]]><value/></item><item><id>DG</id><![CDATA[Dieqo Qarsiya]]><value/></item><item><id>DM</id><![CDATA[Dominika]]><value/></item><item><id>DO</id><![CDATA[Dominikan Respublikası]]><value/></item><item><id>ET</id><![CDATA[Efiopiya]]><value/></item><item><id>EC</id><![CDATA[Ekvador]]><value/></item><item><id>GQ</id><![CDATA[Ekvatorial Qvineya]]><value/></item><item><id>ER</id><![CDATA[Eritreya]]><value/></item><item><id>AM</id><![CDATA[Ermənistan]]><value/></item><item><id>EE</id><![CDATA[Estoniya]]><value/></item><item><id>EZ</id><![CDATA[Eurozone]]><value/></item><item><id>AF</id><![CDATA[Əfqanıstan]]><value/></item><item><id>DZ</id><![CDATA[Əlcəzair]]><value/></item><item><id>FO</id><![CDATA[Farer adaları]]><value/></item><item><id>PS</id><![CDATA[Fələstin Əraziləri]]><value/></item><item><id>FJ</id><![CDATA[Fici]]><value/></item><item><id>PH</id><![CDATA[Filippin]]><value/></item><item><id>FI</id><![CDATA[Finlandiya]]><value/></item><item><id>FK</id><![CDATA[Folklend adaları]]><value/></item><item><id>FR</id><![CDATA[Fransa]]><value/></item><item><id>GF</id><![CDATA[Fransa Qvianası]]><value/></item><item><id>PF</id><![CDATA[Fransa Polineziyası]]><value/></item><item><id>TF</id><![CDATA[Fransanın Cənub Əraziləri]]><value/></item><item><id>GG</id><![CDATA[Gernsi]]><value/></item><item><id>GE</id><![CDATA[Gürcüstan]]><value/></item><item><id>HT</id><![CDATA[Haiti]]><value/></item><item><id>IN</id><![CDATA[Hindistan]]><value/></item><item><id>HN</id><![CDATA[Honduras]]><value/></item><item><id>HK</id><![CDATA[Honq Konq Xüsusi İnzibati Ərazi Çin]]><value/></item><item><id>HR</id><![CDATA[Xorvatiya]]><value/></item><item><id>ID</id><![CDATA[İndoneziya]]><value/></item><item><id>JO</id><![CDATA[İordaniya]]><value/></item><item><id>IQ</id><![CDATA[İraq]]><value/></item><item><id>IR</id><![CDATA[İran]]><value/></item><item><id>IE</id><![CDATA[İrlandiya]]><value/></item><item><id>IS</id><![CDATA[İslandiya]]><value/></item><item><id>ES</id><![CDATA[İspaniya]]><value/></item><item><id>IL</id><![CDATA[İsrail]]><value/></item><item><id>SE</id><![CDATA[İsveç]]><value/></item><item><id>CH</id><![CDATA[İsveçrə]]><value/></item><item><id>IT</id><![CDATA[İtaliya]]><value/></item><item><id>CV</id><![CDATA[Kabo-Verde]]><value/></item><item><id>KH</id><![CDATA[Kamboca]]><value/></item><item><id>CM</id><![CDATA[Kamerun]]><value/></item><item><id>CA</id><![CDATA[Kanada]]><value/></item><item><id>IC</id><![CDATA[Kanar adaları]]><value/></item><item><id>BQ</id><![CDATA[Karib Niderlandı]]><value/></item><item><id>KY</id><![CDATA[Kayman adaları]]><value/></item><item><id>KE</id><![CDATA[Keniya]]><value/></item><item><id>CY</id><![CDATA[Kipr]]><value/></item><item><id>KI</id><![CDATA[Kiribati]]><value/></item><item><id>CC</id><![CDATA[Kokos (Kilinq) adaları]]><value/></item><item><id>CO</id><![CDATA[Kolumbiya]]><value/></item><item><id>KM</id><![CDATA[Komor adaları]]><value/></item><item><id>CG</id><![CDATA[Konqo - Brazzavil]]><value/></item><item><id>CD</id><![CDATA[Konqo - Kinşasa]]><value/></item><item><id>XK</id><![CDATA[Kosovo]]><value/></item><item><id>CR</id><![CDATA[Kosta Rika]]><value/></item><item><id>CI</id><![CDATA[Kotd’ivuar]]><value/></item><item><id>CU</id><![CDATA[Kuba]]><value/></item><item><id>CK</id><![CDATA[Kuk adaları]]><value/></item><item><id>CW</id><![CDATA[Kurasao]]><value/></item><item><id>KW</id><![CDATA[Küveyt]]><value/></item><item><id>GA</id><![CDATA[Qabon]]><value/></item><item><id>GM</id><![CDATA[Qambiya]]><value/></item><item><id>GH</id><![CDATA[Qana]]><value/></item><item><id>GY</id><![CDATA[Qayana]]><value/></item><item><id>KZ</id><![CDATA[Qazaxıstan]]><value/></item><item><id>EH</id><![CDATA[Qərbi Saxara]]><value/></item><item><id>QA</id><![CDATA[Qətər]]><value/></item><item><id>KG</id><![CDATA[Qırğızıstan]]><value/></item><item><id>GD</id><![CDATA[Qrenada]]><value/></item><item><id>GL</id><![CDATA[Qrenlandiya]]><value/></item><item><id>GU</id><![CDATA[Quam]]><value/></item><item><id>GP</id><![CDATA[Qvadelupa]]><value/></item><item><id>GT</id><![CDATA[Qvatemala]]><value/></item><item><id>GN</id><![CDATA[Qvineya]]><value/></item><item><id>GW</id><![CDATA[Qvineya-Bisau]]><value/></item><item><id>LA</id><![CDATA[Laos]]><value/></item><item><id>LV</id><![CDATA[Latviya]]><value/></item><item><id>LS</id><![CDATA[Lesoto]]><value/></item><item><id>LR</id><![CDATA[Liberiya]]><value/></item><item><id>LI</id><![CDATA[Lixtenşteyn]]><value/></item><item><id>LT</id><![CDATA[Litva]]><value/></item><item><id>LB</id><![CDATA[Livan]]><value/></item><item><id>LY</id><![CDATA[Liviya]]><value/></item><item><id>LU</id><![CDATA[Lüksemburq]]><value/></item><item><id>HU</id><![CDATA[Macarıstan]]><value/></item><item><id>MG</id><![CDATA[Madaqaskar]]><value/></item><item><id>MO</id><![CDATA[Makao Xüsusi İnzibati Ərazi Çin]]><value/></item><item><id>MK</id><![CDATA[Makedoniya]]><value/></item><item><id>MW</id><![CDATA[Malavi]]><value/></item><item><id>MY</id><![CDATA[Malayziya]]><value/></item><item><id>MV</id><![CDATA[Maldiv adaları]]><value/></item><item><id>ML</id><![CDATA[Mali]]><value/></item><item><id>MT</id><![CDATA[Malta]]><value/></item><item><id>MH</id><![CDATA[Marşal adaları]]><value/></item><item><id>MQ</id><![CDATA[Martinik]]><value/></item><item><id>MU</id><![CDATA[Mavriki]]><value/></item><item><id>MR</id><![CDATA[Mavritaniya]]><value/></item><item><id>YT</id><![CDATA[Mayot]]><value/></item><item><id>MX</id><![CDATA[Meksika]]><value/></item><item><id>IM</id><![CDATA[Men adası]]><value/></item><item><id>MA</id><![CDATA[Mərakeş]]><value/></item><item><id>CF</id><![CDATA[Mərkəzi Afrika Respublikası]]><value/></item><item><id>FM</id><![CDATA[Mikroneziya]]><value/></item><item><id>CX</id><![CDATA[Milad adası]]><value/></item><item><id>EG</id><![CDATA[Misir]]><value/></item><item><id>MD</id><![CDATA[Moldova]]><value/></item><item><id>MC</id><![CDATA[Monako]]><value/></item><item><id>MN</id><![CDATA[Monqolustan]]><value/></item><item><id>MS</id><![CDATA[Monserat]]><value/></item><item><id>ME</id><![CDATA[Monteneqro]]><value/></item><item><id>MZ</id><![CDATA[Mozambik]]><value/></item><item><id>PM</id><![CDATA[Müqəddəs Pyer və Mikelon]]><value/></item><item><id>SH</id><![CDATA[Müqəddəs Yelena]]><value/></item><item><id>MM</id><![CDATA[Myanma]]><value/></item><item><id>NA</id><![CDATA[Namibiya]]><value/></item><item><id>NR</id><![CDATA[Nauru]]><value/></item><item><id>NP</id><![CDATA[Nepal]]><value/></item><item><id>NL</id><![CDATA[Niderland]]><value/></item><item><id>NE</id><![CDATA[Niger]]><value/></item><item><id>NG</id><![CDATA[Nigeriya]]><value/></item><item><id>NI</id><![CDATA[Nikaraqua]]><value/></item><item><id>NU</id><![CDATA[Niue]]><value/></item><item><id>NF</id><![CDATA[Norfolk adası]]><value/></item><item><id>NO</id><![CDATA[Norveç]]><value/></item><item><id>OM</id><![CDATA[Oman]]><value/></item><item><id>UZ</id><![CDATA[Özbəkistan]]><value/></item><item><id>PK</id><![CDATA[Pakistan]]><value/></item><item><id>PW</id><![CDATA[Palau]]><value/></item><item><id>PA</id><![CDATA[Panama]]><value/></item><item><id>PG</id><![CDATA[Papua-Yeni Qvineya]]><value/></item><item><id>PY</id><![CDATA[Paraqvay]]><value/></item><item><id>PE</id><![CDATA[Peru]]><value/></item><item><id>PN</id><![CDATA[Pitkern adaları]]><value/></item><item><id>PL</id><![CDATA[Polşa]]><value/></item><item><id>PT</id><![CDATA[Portuqaliya]]><value/></item><item><id>PR</id><![CDATA[Puerto Riko]]><value/></item><item><id>RE</id><![CDATA[Reyunyon]]><value/></item><item><id>RW</id><![CDATA[Ruanda]]><value/></item><item><id>RO</id><![CDATA[Rumıniya]]><value/></item><item><id>RU</id><![CDATA[Rusiya]]><value/></item><item><id>SV</id><![CDATA[Salvador]]><value/></item><item><id>WS</id><![CDATA[Samoa]]><value/></item><item><id>SM</id><![CDATA[San-Marino]]><value/></item><item><id>ST</id><![CDATA[San-Tome və Prinsipi]]><value/></item><item><id>SN</id><![CDATA[Seneqal]]><value/></item><item><id>MF</id><![CDATA[Sent Martin]]><value/></item><item><id>BL</id><![CDATA[Sent-Bartelemi]]><value/></item><item><id>KN</id><![CDATA[Sent-Kits və Nevis]]><value/></item><item><id>LC</id><![CDATA[Sent-Lusiya]]><value/></item><item><id>VC</id><![CDATA[Sent-Vinsent və Qrenadinlər]]><value/></item><item><id>RS</id><![CDATA[Serbiya]]><value/></item><item><id>EA</id><![CDATA[Seuta və Melilya]]><value/></item><item><id>SC</id><![CDATA[Seyşel adaları]]><value/></item><item><id>SA</id><![CDATA[Səudiyyə Ərəbistanı]]><value/></item><item><id>SG</id><![CDATA[Sinqapur]]><value/></item><item><id>SX</id><![CDATA[Sint-Marten]]><value/></item><item><id>SK</id><![CDATA[Slovakiya]]><value/></item><item><id>SI</id><![CDATA[Sloveniya]]><value/></item><item><id>SB</id><![CDATA[Solomon adaları]]><value/></item><item><id>SO</id><![CDATA[Somali]]><value/></item><item><id>SD</id><![CDATA[Sudan]]><value/></item><item><id>SR</id><![CDATA[Surinam]]><value/></item><item><id>SY</id><![CDATA[Suriya]]><value/></item><item><id>SJ</id><![CDATA[Svalbard və Yan-Mayen]]><value/></item><item><id>SZ</id><![CDATA[Svazilend]]><value/></item><item><id>SL</id><![CDATA[Syerra-Leone]]><value/></item><item><id>TL</id><![CDATA[Şərqi Timor]]><value/></item><item><id>KP</id><![CDATA[Şimali Koreya]]><value/></item><item><id>MP</id><![CDATA[Şimali Marian adaları]]><value/></item><item><id>LK</id><![CDATA[Şri-Lanka]]><value/></item><item><id>TJ</id><![CDATA[Tacikistan]]><value/></item><item><id>TH</id><![CDATA[Tailand]]><value/></item><item><id>TZ</id><![CDATA[Tanzaniya]]><value/></item><item><id>TW</id><![CDATA[Tayvan]]><value/></item><item><id>TK</id><![CDATA[Tokelau]]><value/></item><item><id>TG</id><![CDATA[Toqo]]><value/></item><item><id>TO</id><![CDATA[Tonqa]]><value/></item><item><id>TC</id><![CDATA[Törks və Kaykos adaları]]><value/></item><item><id>TT</id><![CDATA[Trinidad və Tobaqo]]><value/></item><item><id>TA</id><![CDATA[Tristan da Kunya]]><value/></item><item><id>TN</id><![CDATA[Tunis]]><value/></item><item><id>TV</id><![CDATA[Tuvalu]]><value/></item><item><id>TR</id><![CDATA[Türkiyə]]><value/></item><item><id>TM</id><![CDATA[Türkmənistan]]><value/></item><item><id>UA</id><![CDATA[Ukrayna]]><value/></item><item><id>UG</id><![CDATA[Uqanda]]><value/></item><item><id>WF</id><![CDATA[Uollis və Futuna]]><value/></item><item><id>UY</id><![CDATA[Uruqvay]]><value/></item><item><id>VU</id><![CDATA[Vanuatu]]><value/></item><item><id>VA</id><![CDATA[Vatikan]]><value/></item><item><id>VE</id><![CDATA[Venesuela]]><value/></item><item><id>VN</id><![CDATA[Vyetnam]]><value/></item><item><id>JM</id><![CDATA[Yamayka]]><value/></item><item><id>JP</id><![CDATA[Yaponiya]]><value/></item><item><id>NC</id><![CDATA[Yeni Kaledoniya]]><value/></item><item><id>NZ</id><![CDATA[Yeni Zelandiya]]><value/></item><item><id>YE</id><![CDATA[Yəmən]]><value/></item><item><id>GR</id><![CDATA[Yunanıstan]]><value/></item><item><id>ZM</id><![CDATA[Zambiya]]><value/></item><item><id>ZW</id><![CDATA[Zimbabve]]><value/></item></values>
